{"cameraMode":{"drawMode":0,"name":"Shaded","section":"Shading Mode"},"sceneLighting":true,"audioPlay":false,"sceneViewState":{"m_AlwaysRefresh":false,"showFog":true,"showSkybox":true,"showFlares":true,"showImageEffects":true,"showParticleSystems":true,"showVisualEffectGraphs":true,"m_FxEnabled":true},"in2DMode":false,"pivot":{"x":63.20783233642578,"y":6.324550628662109,"z":46.473819732666019},"rotation":{"x":0.29619356989860537,"y":-0.17884302139282227,"z":0.056563038378953937,"w":0.9365426301956177},"size":26.50539779663086,"orthographic":false}