{"cameraMode":{"drawMode":0,"name":"Shaded","section":"Shading Mode"},"sceneLighting":true,"audioPlay":false,"sceneViewState":{"m_AlwaysRefresh":false,"showFog":true,"showSkybox":true,"showFlares":true,"showImageEffects":true,"showParticleSystems":true,"showVisualEffectGraphs":true,"m_FxEnabled":true},"in2DMode":false,"pivot":{"x":1.1514958143234254,"y":-16.66152572631836,"z":2.0563793182373049},"rotation":{"x":-0.6107494235038757,"y":0.003091315971687436,"z":-0.0023883155081421139,"w":-0.7918352484703064},"size":20.267305374145509,"orthographic":false}