{"cameraMode":{"drawMode":0,"name":"Shaded","section":"Shading Mode"},"sceneLighting":true,"audioPlay":false,"sceneViewState":{"m_AlwaysRefresh":false,"showFog":true,"showSkybox":true,"showFlares":true,"showImageEffects":true,"showParticleSystems":true,"showVisualEffectGraphs":true,"m_FxEnabled":true},"in2DMode":false,"pivot":{"x":-0.7089738845825195,"y":0.024827957153320314,"z":4.172504425048828},"rotation":{"x":0.006740917451679707,"y":0.8725117444992065,"z":-0.48840203881263735,"w":0.012042383663356305},"size":7.9349470138549809,"orthographic":false}