{"cameraMode":{"drawMode":0,"name":"Shaded","section":"Shading Mode"},"sceneLighting":true,"audioPlay":false,"sceneViewState":{"m_AlwaysRefresh":false,"showFog":true,"showSkybox":true,"showFlares":true,"showImageEffects":true,"showParticleSystems":true,"showVisualEffectGraphs":true,"m_FxEnabled":true},"in2DMode":false,"pivot":{"x":-1.5389351844787598,"y":3.199160575866699,"z":23.936681747436525},"rotation":{"x":0.20904973149299622,"y":-0.051312778145074847,"z":0.010989299975335598,"w":0.9765074849128723},"size":13.08541488647461,"orthographic":false}