{"cameraMode":{"drawMode":0,"name":"Shaded","section":"Shading Mode"},"sceneLighting":true,"audioPlay":false,"sceneViewState":{"m_AlwaysRefresh":false,"showFog":true,"showSkybox":true,"showFlares":true,"showImageEffects":true,"showParticleSystems":true,"showVisualEffectGraphs":true,"m_FxEnabled":true},"in2DMode":false,"pivot":{"x":-11.348084449768067,"y":28.771577835083009,"z":-5.0899810791015629},"rotation":{"x":-0.5708498954772949,"y":0.024796755984425546,"z":-0.017375225201249124,"w":-0.8205873966217041},"size":0.5095807313919067,"orthographic":false}